Артикул;Наименование;Единицы измерения;Количество;Столбец2;Столбец1;Тип;Цена;ГОСТ;Фасовка;Характеристика
76003;Мука миндальная ПРЕМИУМ;килограмм;0;NULL;NULL;Премиксы Для Выпечки;12348,72;;пакет 12.5 кг.;
74007;Комп.пищ.добавка премикс САВОЯРДИ микс;килограмм;0;NULL;NULL;Премиксы Для Выпечки;5688;;мешок 10 кг.;
74009;Комп.пищ.добавка премикс ОВОСИЛ;килограмм;0;NULL;NULL;Премиксы Для Выпечки;1124,64;;мешок 0.6 кг.;
74002;Комп.пищ.добавка премикс БИСКВИЗИТ;килограмм;0;NULL;NULL;Премиксы Для Выпечки;3888;;мешок 15 кг.;
74004;Смесь для мучных изделий КЕЙК ЗЛАКИ;килограмм;0;NULL;NULL;Премиксы Для Выпечки;1821,6;;мешок 5 кг.;
74003;Комп.пищ.добавка премикс МУРБЕЛЛА;килограмм;0;NULL;NULL;Премиксы Для Выпечки;3384;;мешок 15 кг.;
74006;Смесь для мучных изделий ФРОЛЛА ЗЛАКИ;килограмм;0;NULL;NULL;Премиксы Для Выпечки;1389,6;;мешок 5 кг.;
74081;Смесь сахаристая ГРИЛЬЯЖ;килограмм;0;NULL;NULL;Премиксы Для Выпечки;288;;мешок 0.5 кг.;
74044;Комп.пищ.добавка премикс ФЛОМИКС;килограмм;0;NULL;NULL;Премиксы Для Выпечки;309,6;;мешок 0.6 кг.;
74045;Комп.пищ.добавка премикс ФЛОМИКС 10х0,6 кг.;килограмм;0;NULL;NULL;Премиксы Для Выпечки;3096;;короб 6 кг.;
74046;Комп.пищ.доб.премикс МАФФИН;килограмм;0;NULL;NULL;Премиксы Для Выпечки;2196;;мешок 10 кг.;
74048;Премикс БРАУНИ ШОК;килограмм;0;NULL;NULL;Премиксы Для Выпечки;1836;;мешок 5 кг.;
74050;Комп.пищ.добавка премикс ВАФЛИ/ОЛАДЬИ;килограмм;0;NULL;NULL;Премиксы Для Выпечки;396;;пакет 1 кг.;
74049;Комп.пищ.добавка премикс АВОЛЕТТА макарунс;килограмм;0;NULL;NULL;Премиксы Для Выпечки;3960;;мешок 5 кг.;
73014;Крем на растит.маслах КОНДИТЕРСКИЙ 26%;литр;0;NULL;NULL;Сливки;1240;;короб 12 л.;
73018;Сливки Бризе 30%;литр;0;NULL;NULL;Сливки;3100;;короб 12 л.;
73023;Сливки Бризе 36%;литр;0;NULL;NULL;Сливки;3600;;короб 12 л.;
73015;Сливки 33%;литр;0;NULL;NULL;Сливки;3455;;короб 12 л.;
73016;Сливки 35%;литр;0;NULL;NULL;Сливки;3340;;короб 12 л.;
73019;Крем на растит.маслах для взбивания 26%;литр;0;NULL;NULL;Сливки;985;;короб 12 л.;
73021;Крем на растит.маслах для взбивания 26%;литр;0;NULL;NULL;Сливки;808,5;;короб 10 л.;
73067;Комп.пищ.добавка крем холод.приготов.ПЕРФЕКТА;килограмм;0;NULL;NULL;Сливки;3024;;мешок 10 кг.;
73069;Комп.пищ.добавка крем горяч.приготовл.СОВРАНА;килограмм;0;NULL;NULL;Сливки;2160;;мешок 10 кг.;
73078;Комплексная пищевая добавка премикс ТИРАМИСУ;килограмм;0;NULL;NULL;Сливки;1008;;пакет 1 кг.;
73079;Комплексная пищевая добавка премикс БАВАРЕЗЕ;килограмм;0;NULL;NULL;Сливки;936;;пакет 1 кг.;
73080;Комплексная пищ.доб.премикс ПАННА КОТТА;килограмм;0;NULL;NULL;Сливки;972;;пакет 1 кг.;
73082;Крем десертный МУСС КАКАО;килограмм;0;NULL;NULL;Сливки;720;;пакет 1 кг.;
73084;Комп.пищ.доб.крем десертный классич.ЧИЗКЕЙК;килограмм;0;NULL;NULL;Сливки;588;;пакет 1 кг.;
73088;Комп.пищ.доб.крем дес.АМЕРИК.ЧИЗКЕЙК;килограмм;0;NULL;NULL;Сливки;1260;;пакет 1 кг.;
76032;Премикс горячий шоколад ШОКОЛАДНАЯ ЧАШКА;килограмм;0;NULL;NULL;Сливки;612;;мешок 1 кг.;
72860;Пюре фруктовое МАНГО;килограмм;0;NULL;NULL;Фруктовое Пюре;1368;;банка 3.1 кг.;
75144;Паста ПРАЛИНЕ ФИСТАШКА;килограмм;0;NULL;NULL;Фруктовое Пюре;1485;;ведро 0.9 кг.;
71011;Глазурь какаосодерж.кондит.ЗАХЕРКРЕМ;килограмм;0;NULL;NULL;Фруктовое Пюре;2275,2;;ведро 6 кг.;
75046;Глазурь пастообразн.конд.ШОКОСМАРТ;килограмм;0;NULL;NULL;Фруктовое Пюре;1764;;ведро 5 кг.;
75045;Глазурь пастообразная жир.ШОКОСМАРТ белая;килограмм;0;NULL;NULL;Фруктовое Пюре;2016;;ведро 5 кг.;
71109;Шоколадная начинка ВАНДЕРШОК белая;килограмм;0;NULL;NULL;Фруктовое Пюре;2736;;ведро 5 кг.;
72799;Начинка КОБЕРШОК БЬЯНКО;килограмм;0;NULL;NULL;Фруктовое Пюре;2736;;ведро 6 кг.;
71123;Глазурь пастообразная ГАБРИЭЛА БЕЛАЯ;килограмм;0;NULL;NULL;Фруктовое Пюре;4104;;ведро 13 кг.;
71124;Глазурь пастообразная шок.ГАБРИЭЛА ТЕМНАЯ;килограмм;0;NULL;NULL;Фруктовое Пюре;3456;;ведро 13 кг.;
75400;Паста шок.орех.ФАРЧИТОЗА ТОП;килограмм;0;NULL;NULL;Фруктовое Пюре;1980;;ведро 6 кг.;
75401;Паста шок.орех.ФАРЧИТОЗА ТОП;килограмм;0;NULL;NULL;Фруктовое Пюре;3852;;ведро 12 кг.;
75412;Паста шок.орех.ФАРЧИТОЗА;килограмм;0;NULL;NULL;Фруктовое Пюре;1598,4;;ведро 6 кг.;
75402;Паста шок.орех.НОЧЧОЛИТА СУПРЕМ;килограмм;0;NULL;NULL;Фруктовое Пюре;2160;;ведро 6 кг.;
75403;Паста шок.орех.НОЧЧОЛИТА СУПРЕМ;килограмм;0;NULL;NULL;Фруктовое Пюре;3620;;ведро 12 кг.;
75413;Паста шок.орех.ФАРЧИТОЗА;килограмм;0;NULL;NULL;Фруктовое Пюре;3240;;ведро 12 кг.;
75414;Паста шок.орех.ФАРЧИТОЗА;килограмм;0;NULL;NULL;Фруктовое Пюре;5040;;ведро 20 кг.;
75405;Паста шок.орех.НОЧЧОЛИТА ТОП;килограмм;0;NULL;NULL;Фруктовое Пюре;1980;;ведро 6 кг.;
75406;Паста шок.орех.НОЧЧОЛИТА ТОП;килограмм;0;NULL;NULL;Фруктовое Пюре;3852;;ведро 12 кг.;
75408;Паста ореховая НОЧЧИОБЬЯНКА КРУАССАН;килограмм;0;NULL;NULL;Фруктовое Пюре;2412;;ведро 6 кг.;
75407;Паста-наполнитель НОВЕЛЛА АВОРИО;килограмм;0;NULL;NULL;Фруктовое Пюре;1700;;ведро 6 кг.;
75000;Паста-наполнитель РОКСИКРЕМ;килограмм;0;NULL;NULL;Фруктовое Пюре;3150;;ведро 12 кг.;
75002;Паста шок.орех.ДЖАНДУЯ КРУАССАН термостойкая;килограмм;0;NULL;NULL;Фруктовое Пюре;3240;;ведро 12 кг.;
75409;Паста ореховая ФИСТАШКА КРЕМ 10;килограмм;0;NULL;NULL;Фруктовое Пюре;2700;;ведро 5 кг.;
75410;Паста ореховая ФИСТАШКА КРЕМ ТОП 15;килограмм;0;NULL;NULL;Фруктовое Пюре;3204;;ведро 5 кг.;
75411;Паста ореховая ФИСТАШКА КРУАССАН;килограмм;0;NULL;NULL;Фруктовое Пюре;3456;;ведро 5 кг.;
75001;Глазурь пастообразн.конд.ШОКОКРЕМ;килограмм;0;NULL;NULL;Фруктовое Пюре;396;;ведро 1 кг.;
75005;Глазурь пастообразн.конд.ШОКОКРЕМ;килограмм;0;NULL;NULL;Фруктовое Пюре;6120;;ведро 25 кг.;
75007;Глазурь пастообр.шок.МОРЕТТА БИТТЕР термост.;килограмм;0;NULL;NULL;Фруктовое Пюре;540;;ведро 1 кг.;
75009;Паста шоколадная МОРЕТТА ЭКСТРИМ;килограмм;0;NULL;NULL;Фруктовое Пюре;540;;ведро 1 кг.;
75011;Паста шоколадная МОРЕТТА ЭКСТРИМ;килограмм;0;NULL;NULL;Фруктовое Пюре;2160;;ведро 6 кг.;
72707;Паста шоколадная КРАНФИЛ КАРАМЕЛЬ;килограмм;0;NULL;NULL;Фруктовое Пюре;2268;;ведро 3 кг.;
72708;Паста шоколадная КРАНФИЛ ФИСТАШКА;килограмм;0;NULL;NULL;Фруктовое Пюре;3204;;ведро 3 кг.;
72709;Паста шоколадная КРАНФИЛ БЕЛЫЙ ШОКОЛАД;килограмм;0;NULL;NULL;Фруктовое Пюре;2592;;ведро 3 кг.;
72710;Паста шоколадная КРАНФИЛ ТЕМНЫЙ ШОКОЛАД;килограмм;0;NULL;NULL;Фруктовое Пюре;2448;;ведро 3 кг.;
72723;Паста шоколадная ДЕЛИКРИСП соленая карамель;килограмм;0;NULL;NULL;Фруктовое Пюре;3492;;ведро 5 кг.;
72724;Паста шоколадная ДЕЛИКРИСП кокос;килограмм;0;NULL;NULL;Фруктовое Пюре;2844;;ведро 5 кг.;
72725;Паста шоколадная ДЕЛИКРИСП красные ягоды;килограмм;0;NULL;NULL;Фруктовое Пюре;4968;;ведро 5 кг.;
75014;Паста ПРАЛИНЕ ГРЕЦКИЙ ОРЕХ;килограмм;0;NULL;NULL;Фруктовое Пюре;1270;;ведро 0.9 кг.;
75012;Паста ПРАЛИНЕ ДЖАНДУЯ;килограмм;0;NULL;NULL;Фруктовое Пюре;840;;ведро 0.9 кг.;
75021;Паста ПРАЛИНЕ АРАХИС-ШОКОЛАД;килограмм;0;NULL;NULL;Фруктовое Пюре;680;;ведро 0.9 кг.;
75119;Паста сахарно-ореховая ПРАЛИНЕ (НУГА) светлая;килограмм;0;NULL;NULL;Фруктовое Пюре;2592;;пакет 2.5 кг.;
75022;Паста ПРАЛИНЕ МИНДАЛЬ-МЯТА;килограмм;0;NULL;NULL;Фруктовое Пюре;1485;;ведро 0.9 кг.;
71237;Начинка ФРУТТИДОР ЯБЛОКО;килограмм;0;NULL;NULL;Фруктовое Пюре;1440;;ведро 3.3 кг.;
72796;Начинка ФРУТТИДОР АБРИКОС;килограмм;0;NULL;NULL;Фруктовое Пюре;1800;;ведро 3.3 кг.;
72795;Начинка ФРУТТИДОР ЧЕРНИКА;килограмм;0;NULL;NULL;Фруктовое Пюре;1872;;ведро 3.3 кг.;
72798;Начинка ФРУТТИДОР АПЕЛЬСИН;килограмм;0;NULL;NULL;Фруктовое Пюре;1728;;ведро 3.3 кг.;
72797;Начинка ФРУТТИДОР ПЕРСИК;килограмм;0;NULL;NULL;Фруктовое Пюре;1368;;ведро 3.3 кг.;
72727;Начинка ФРУТТИДОР АМАРЕНА;килограмм;0;NULL;NULL;Фруктовое Пюре;1893,6;;ведро 5.5 кг.;
72728;Начинка ФРУТТИДОР ЛЕСНЫЕ ЯГОДЫ;килограмм;0;NULL;NULL;Фруктовое Пюре;1764;;ведро 3.3 кг.;
72729;Начинка ФРУТТИДОР ГРУША;килограмм;0;NULL;NULL;Фруктовое Пюре;1317,6;;ведро 3.3 кг.;
72730;Начинка ФРУТТИДОР МАНГО;килограмм;0;NULL;NULL;Фруктовое Пюре;1548;;ведро 3.3 кг.;
72731;Начинка ФРУТТИДОР ТРОПИЧЕСКИЕ ФРУКТЫ;килограмм;0;NULL;NULL;Фруктовое Пюре;1620;;ведро 3.3 кг.;
72732;Начинка ФРУТТИДОР КЛУБНИКА;килограмм;0;NULL;NULL;Фруктовое Пюре;1800;;ведро 3.3 кг.;
72733;Начинка ФРУТТИДОР МАЛИНА;килограмм;0;NULL;NULL;Фруктовое Пюре;1908;;ведро 3.3 кг.;
72734;Начинка ФРУТТИДОР КРАСНАЯ ЧЕРЕШНЯ;килограмм;0;NULL;NULL;Фруктовое Пюре;1728;;ведро 3.3 кг.;
75036;Начинка КРЕМ ЛИМОН;килограмм;0;NULL;NULL;Фруктовое Пюре;1692;;ведро 6 кг.;
75037;Начинка КРЕМ АПЕЛЬСИН;килограмм;0;NULL;NULL;Фруктовое Пюре;1692;;ведро 6 кг.;
75038;Начинка КРЕМ ЛЕСНЫЕ ЯГОДЫ И ЙОГУРТ;килограмм;0;NULL;NULL;Фруктовое Пюре;1980;;ведро 6 кг.;
75041;Начинка фруктовая ЯБЛОКО ПИНК кубики 12х12 мм;килограмм;0;NULL;NULL;Фруктовое Пюре;576;;банка 4.6 кг.;
75073;Начинка фруктовая ЯБЛОКО ПИНК дольки;килограмм;0;NULL;NULL;Фруктовое Пюре;612;;банка 4.6 кг.;
75056;Начинка фруктовая ЯБЛОКО дольки;килограмм;0;NULL;NULL;Фруктовое Пюре;468;;банка 4.6 кг.;
75170;Начинка фрукт.КОНФРУТТИ черника;килограмм;0;NULL;NULL;Фруктовое Пюре;2736;;ведро 5 кг.;
75173;Начинка фрукт.КОНФРУТТИ абрикос;килограмм;0;NULL;NULL;Фруктовое Пюре;2232;;ведро 5 кг.;
75175;Паста-пюре фрукт.КОНФРУТТИ НАТУР клубника;килограмм;0;NULL;NULL;Фруктовое Пюре;720;;пакет 1 кг.;
75176;Паста-пюре фрукт.КОНФРУТТИ НАТУР малина;килограмм;0;NULL;NULL;Фруктовое Пюре;936;;пакет 1 кг.;
75177;Паста-пюре фрукт.КОНФРУТТИ НАТУР садов.ягоды;килограмм;0;NULL;NULL;Фруктовое Пюре;828;;пакет 1 кг.;
75178;Паста-пюре фрукт.КОНФРУТТИ НАТУР манго;килограмм;0;NULL;NULL;Фруктовое Пюре;756;;пакет 1 кг.;
75179;Паста-пюре фрукт.КОНФРУТТИ НАТУР маракуйя;килограмм;0;NULL;NULL;Фруктовое Пюре;990;;пакет 1 кг.;
75180;Паста-пюре фрукт.КОНФРУТТИ НАТУР банан;килограмм;0;NULL;NULL;Фруктовое Пюре;684;;пакет 1 кг.;
75181;Паста-пюре фрукт.КОНФРУТТИ НАТУР ананас;килограмм;0;NULL;NULL;Фруктовое Пюре;864;;пакет 1 кг.;
75182;Паста-пюре фрукт.КОНФРУТТИ НАТУР абрикос;килограмм;0;NULL;NULL;Фруктовое Пюре;698,4;;пакет 1 кг.;
75190;Паста-пюре фрукт.КОНФРУТТИ НАТУР вишня Гриот;килограмм;0;NULL;NULL;Фруктовое Пюре;756;;пакет 1 кг.;
75191;Паста-пюре фрукт.КОНФРУТТИ НАТУР мандарин;килограмм;0;NULL;NULL;Фруктовое Пюре;756;;пакет 1 кг.;
75192;Паста-пюре фрукт.КОНФРУТТИ НАТУР груша Вильям;килограмм;0;NULL;NULL;Фруктовое Пюре;684;;пакет 1 кг.;
70942;Паста кондитерская ДЕКОР СЕРЕБРО;килограмм;0;NULL;NULL;Десертная Паста;1296;;банка 1.5 кг.;
70943;Паста кондитерская ДЕКОР ЗОЛОТО;килограмм;0;NULL;NULL;Десертная Паста;1368;;банка 1.5 кг.;
70944;Паста кондитерская ДЕКОР БРОНЗА;килограмм;0;NULL;NULL;Десертная Паста;1152;;банка 1.5 кг.;
74084;Паста РОМ КРЕОЛЬСКИЙ АРОМА;килограмм;0;NULL;NULL;Десертная Паста;1080;;флакон 1 кг.;
74083;Паста ГОРЬКИЙ МИНДАЛЬ АРОМА;килограмм;0;NULL;NULL;Десертная Паста;1008;;флакон 1 кг.;
72241;Паста ВАНИЛЬ АРОМА;килограмм;0;NULL;NULL;Десертная Паста;936;;флакон 1 кг.;
72242;Паста КОФЕ АРОМА;килограмм;0;NULL;NULL;Десертная Паста;1044;;флакон 1 кг.;
72245;Паста ЛИМОН АРОМА;килограмм;0;NULL;NULL;Десертная Паста;1008;;флакон 1 кг.;
72246;Паста АПЕЛЬСИН АРОМА;килограмм;0;NULL;NULL;Десертная Паста;871,2;;флакон 1 кг.;
72247;Паста КЛУБНИКА АРОМА;килограмм;0;NULL;NULL;Десертная Паста;900;;флакон 1 кг.;
72248;Паста ФИСТАШКА АРОМА;килограмм;0;NULL;NULL;Десертная Паста;864;;флакон 1 кг.;
72021;Комплексная пищ.добавка премикс ЙОГУРТ-100;килограмм;0;NULL;NULL;Десертная Паста;1152;;пакет 1 кг.;
72018;Комплексная пищевая добавка премикс КОКОС-100;килограмм;0;NULL;NULL;Десертная Паста;1512;;пакет 1 кг.;
72718;Паста десертная КОКОС;килограмм;0;NULL;NULL;Десертная Паста;2556;;ведро 3 кг.;
72234;Паста десертная ЛЕСНОЙ ОРЕХ;килограмм;0;NULL;NULL;Десертная Паста;7200;;ведро 3 кг.;
72704;Паста десертная МАСКАРПОНЕ;килограмм;0;NULL;NULL;Десертная Паста;1440;;банка 1.2 кг.;
72253;Паста десертная ФИСТАШКА;килограмм;0;NULL;NULL;Десертная Паста;5760;;ведро 3 кг.;
75204;Паста десертная ФИСТАШКА ИТАЛИЯ НК;килограмм;0;NULL;NULL;Десертная Паста;5904;;ведро 3 кг.;
72254;Паста десертная ГРЕЦКИЙ ОРЕХ;килограмм;0;NULL;NULL;Десертная Паста;6192;;ведро 3 кг.;
72256;Паста десертная ПЕЧЕНЬЕ;килограмм;0;NULL;NULL;Десертная Паста;3384;;ведро 3 кг.;
72258;Паста десертная СЛИВОЧНАЯ КАРАМЕЛЬ;килограмм;0;NULL;NULL;Десертная Паста;2736;;ведро 3 кг.;
72263;Паста десертная ВАНИЛЬ КЛАССИК;килограмм;0;NULL;NULL;Десертная Паста;5076;;ведро 3 кг.;
72705;Паста десертная ЗАБАЙОНЕ;килограмм;0;NULL;NULL;Десертная Паста;1332;;банка 1.2 кг.;
72274;Паста десертная МЯТА;килограмм;0;NULL;NULL;Десертная Паста;3096;;ведро 3 кг.;
72289;Паста десертная ШОКОЛАД;килограмм;0;NULL;NULL;Десертная Паста;2520;;ведро 3 кг.;
72287;Паста десертная КАРАМЕЛЬ;килограмм;0;NULL;NULL;Десертная Паста;2520;;ведро 3 кг.;
72702;Паста десертная ТИРАМИСУ;килограмм;0;NULL;NULL;Десертная Паста;1512;;банка 1.2 кг.;
72719;Паста десертная ЖЕВАТЕЛЬНАЯ РЕЗИНКА;килограмм;0;NULL;NULL;Десертная Паста;2664;;ведро 3 кг.;
72521;Паста десертная ЛЕСНАЯ ЯГОДА;килограмм;0;NULL;NULL;Десертная Паста;3528;;ведро 3 кг.;
72683;Паста десертная МАЛИНА;килограмм;0;NULL;NULL;Десертная Паста;4320;;ведро 3 кг.;
72684;Паста десертная ПЕРСИК с кусочками;килограмм;0;NULL;NULL;Десертная Паста;2880;;ведро 3 кг.;
72685;Паста десертная МАРАКУЙЯ;килограмм;0;NULL;NULL;Десертная Паста;3024;;ведро 3 кг.;
72695;Паста десертная КЛУБНИКА;килограмм;0;NULL;NULL;Десертная Паста;1512;;ведро 1.4 кг.;
72696;Паста десертная ДЫНЯ с кусочками;килограмм;0;NULL;NULL;Десертная Паста;2700;;ведро 3 кг.;
72697;Паста десертная ЗЕЛЕНОЕ ЯБЛОКО с кусочками;килограмм;0;NULL;NULL;Десертная Паста;3168;;ведро 3 кг.;
72698;Паста десертная АНАНАС с кусочками;килограмм;0;NULL;NULL;Десертная Паста;2808;;ведро 3 кг.;
72699;Паста десертная БАНАН;килограмм;0;NULL;NULL;Десертная Паста;2484;;ведро 3 кг.;
72700;Паста десертная МАНГО с кусочками;килограмм;0;NULL;NULL;Десертная Паста;3096;;ведро 3 кг.;
72721;Паста десертная ЛИМОННАЯ ЦЕДРА;килограмм;0;NULL;NULL;Десертная Паста;864;;банка 1.5 кг.;
72722;Паста десертная АПЕЛЬСИНОВАЯ ЦЕДРА;килограмм;0;NULL;NULL;Десертная Паста;936;;банка 1.5 кг.;
72146;Наполнитель МОЛОЧНЫЙ ШОКОЛАД и злаки;килограмм;0;NULL;NULL;Топпинг;2426,4;;ведро 3 кг.;
72147;Наполнитель ГРАНАТ;килограмм;0;NULL;NULL;Топпинг;2167,2;;ведро 3 кг.;
72497;Топпинг ВИШНЯ;килограмм;0;NULL;NULL;Топпинг;331,2;;бутылка 1 кг.;
72496;Топпинг АПЕЛЬСИН;килограмм;0;NULL;NULL;Топпинг;331,2;;бутылка 1 кг.;
72495;Топпинг МАРШМЕЛЛОУ;килограмм;0;NULL;NULL;Топпинг;331,2;;бутылка 1 кг.;
72494;Топпинг ПРЯНОЕ ПЕЧЕНЬЕ;килограмм;0;NULL;NULL;Топпинг;421,2;;бутылка 1 кг.;
72493;Топпинг МАЛИНА;килограмм;0;NULL;NULL;Топпинг;331,2;;бутылка 1 кг.;
72717;Топпинг ШОКОЛАД;килограмм;0;NULL;NULL;Топпинг;331,2;;бутылка 1 кг.;
72794;Топпинг КЛУБНИКА;килограмм;0;NULL;NULL;Топпинг;331,2;;бутылка 1 кг.;
72618;Топпинг КАРАМЕЛЬ;килограмм;0;NULL;NULL;Топпинг;331,2;;флакон 1 кг.;
72498;Топпинг МАНГО;килограмм;0;NULL;NULL;Топпинг;331,2;;флакон 1 кг.;
72499;Топпинг САДОВЫЕ ЯГОДЫ;килограмм;0;NULL;NULL;Топпинг;331,2;;флакон 1 кг.;
72713;Топпинг КИВИ;килограмм;0;NULL;NULL;Топпинг;324;;флакон 1.2 кг.;
72706;Наполнитель шоколадный МАКАО;килограмм;0;NULL;NULL;Топпинг;2304;;ведро 3 кг.;
72712;Наполнитель ВИШНЯ;килограмм;0;NULL;NULL;Топпинг;2304;;ведро 3 кг.;
72720;Наполнитель ШОКОЛАД С ПЕЧЕНЬЕМ;килограмм;0;NULL;NULL;Топпинг;2376;;ведро 3 кг.;
72593;Паста десертная АБРИКОС;килограмм;0;NULL;NULL;Десертная Паста;3888;;банка 3 кг.;
72801;Паста десертная ЗЕМЛЯНИКА;килограмм;0;NULL;NULL;Десертная Паста;5040;;банка 3 кг.;
72802;Паста десертная ВИШНЯ;килограмм;0;NULL;NULL;Десертная Паста;3960;;банка 3 кг.;
72522;Паста десертная ГРУША;килограмм;0;NULL;NULL;Десертная Паста;4163,76;;ведро 3 кг.;
72041;Паста десертная ПРЯНОЕ ПЕЧЕНЬЕ;килограмм;0;NULL;NULL;Десертная Паста;7200;;банка 5 кг.;
72120;Паста десертная БИТТЕР ЛИМОН;килограмм;0;NULL;NULL;Десертная Паста;4212;;ведро 3 кг.;
72150;Паста десертная МЯТА;килограмм;0;NULL;NULL;Десертная Паста;4060,8;;ведро 3 кг.;
72151;Паста десертная МАНДАРИН;килограмм;0;NULL;NULL;Десертная Паста;4464;;банка 3 кг.;
72506;Паста десертная ВАНИЛЬ;килограмм;0;NULL;NULL;Десертная Паста;5040;;ведро 4.5 кг.;
72507;Паста десертная ВАНИЛЬ БУРБОН;килограмм;0;NULL;NULL;Десертная Паста;9000;;ведро 4.5 кг.;
72508;Паста десертная КАРАМЕЛЬ;килограмм;0;NULL;NULL;Десертная Паста;4896;;банка 4.5 кг.;
72514;Паста десертная КАПУЧИНО;килограмм;0;NULL;NULL;Десертная Паста;4716;;ведро 3 кг.;
72524;Паста десертная КЛУБНИКА;килограмм;0;NULL;NULL;Десертная Паста;4032;;банка 3 кг.;
72525;Паста десертная МАНГО;килограмм;0;NULL;NULL;Десертная Паста;3996;;банка 3 кг.;
72526;Паста десертная АНАНАС;килограмм;0;NULL;NULL;Десертная Паста;3744;;ведро 3 кг.;
72527;Паста десертная ДЫНЯ;килограмм;0;NULL;NULL;Десертная Паста;3758,4;;ведро 3 кг.;
72528;Паста десертная КИВИ;килограмм;0;NULL;NULL;Десертная Паста;4032;;банка 3 кг.;
72539;Паста десертная ЧЕРНАЯ СМОРОДИНА;килограмм;0;NULL;NULL;Десертная Паста;5241,6;;ведро 3 кг.;
72562;Паста десертная БАНАН;килограмм;0;NULL;NULL;Десертная Паста;3564;;ведро 3 кг.;
72564;Паста десертная АНАНАС;килограмм;0;NULL;NULL;Десертная Паста;3715,2;;ведро 3 кг.;
72565;Паста десертная МАЛИНА;килограмм;0;NULL;NULL;Десертная Паста;3715,2;;ведро 3 кг.;
72577;Паста десертная ЛЕСНЫЕ ЯГОДЫ;килограмм;0;NULL;NULL;Десертная Паста;4140;;ведро 3 кг.;
72587;Паста десертная ПЕРСИК;килограмм;0;NULL;NULL;Десертная Паста;3715,2;;ведро 3 кг.;
72591;Паста десертная МАРАКУЙЯ;килограмм;0;NULL;NULL;Десертная Паста;4680;;ведро 3 кг.;
72595;Паста десертная РОЗА;килограмм;0;NULL;NULL;Десертная Паста;3628,8;;ведро 3 кг.;
72596;Паста десертная АПЕЛЬСИН;килограмм;0;NULL;NULL;Десертная Паста;3852;;ведро 3 кг.;
72599;Паста десертная МАЛАГА;килограмм;0;NULL;NULL;Десертная Паста;6264;;банка 5 кг.;
72555;Паста десертная ПИНА КОЛАДА;килограмм;0;NULL;NULL;Десертная Паста;5904;;банка 4 кг.;
72575;Паста десертная ВИСКИКРЕМ;килограмм;0;NULL;NULL;Десертная Паста;9360;;банка 4.5 кг.;
72543;Паста десертная БИСКОТТО;килограмм;0;NULL;NULL;Десертная Паста;6840;;ведро 4.5 кг.;
72579;Паста десертная АМАЛЬФИ;килограмм;0;NULL;NULL;Десертная Паста;9216;;банка 3.5 кг.;
72542;Паста десертная НЬЮ ЙО;килограмм;0;NULL;NULL;Десертная Паста;9000;;ведро 4.5 кг.;
72515;Паста десертная ТИРАМИСУ;килограмм;0;NULL;NULL;Десертная Паста;5760;;ведро 4 кг.;
72548;Паста десертная МЕКРАФ;килограмм;0;NULL;NULL;Десертная Паста;9360;;банка 4 кг.;
72553;Паста десертная МИСТЕР НИКО;килограмм;0;NULL;NULL;Десертная Паста;6480;;ведро 4 кг.;
72552;Паста десертная НОЧЧИОЛА-ЛА-ЛА;килограмм;0;NULL;NULL;Десертная Паста;19080;;банка 5 кг.;
72554;Паста десертная ФИСТАШКА СИЦИЛИЙСКАЯ;килограмм;0;NULL;NULL;Десертная Паста;31104;;банка 4 кг.;
72556;Паста десертная ФИСТАШКА ЧИСТАЯ;килограмм;0;NULL;NULL;Десертная Паста;23832;;ведро 4 кг.;
72572;Паста десертная ЛАЗУРЬ;килограмм;0;NULL;NULL;Десертная Паста;6552;;банка 5 кг.;
72574;Паста десертная БУБЛЬГУМ;килограмм;0;NULL;NULL;Десертная Паста;7704;;банка 5 кг.;
72537;Паста десертная ПЕРСИК;килограмм;0;NULL;NULL;Десертная Паста;3096;;ведро 2.5 кг.;
72576;Паста десертная ЗЕЛЕНЫЙ ЧАЙ;килограмм;0;NULL;NULL;Десертная Паста;4334,4;;банка 2.5 кг.;
72516;Паста десертная ГРУША;килограмм;0;NULL;NULL;Десертная Паста;3528;;ведро 2.5 кг.;
72582;Паста десертная МАНДАРИН;килограмм;0;NULL;NULL;Десертная Паста;3600;;банка 2.5 кг.;
72566;Паста десертная ГУСТОКРЕМ ЛАЙМЕТТА;килограмм;0;NULL;NULL;Десертная Паста;2880;;банка 1.5 кг.;
72567;Паста десертная ГУСТОКРЕМ АПЕЛЬСИН;килограмм;0;NULL;NULL;Десертная Паста;2880;;банка 1.5 кг.;
72563;Паста десертная ЧЕРРИ МАНИЯ;килограмм;0;NULL;NULL;Десертная Паста;7632;;банка 5 кг.;
72580;Паста десертная РОЗОВЫЙ ГРЕЙПФРУТ;килограмм;0;NULL;NULL;Десертная Паста;3888;;банка 2.5 кг.;
72585;Паста десертная ТРОПИК;килограмм;0;NULL;NULL;Десертная Паста;3672;;банка 2.5 кг.;
72637;Паста десертная ЗЕЛЕНОЕ ЯБЛОКО;килограмм;0;NULL;NULL;Десертная Паста;3801,6;;ведро 3 кг.;
84080;Черешня красная МИНИ 14/16 мм.НАППИ;килограмм;0;NULL;NULL;Цукаты;2628;;короб 5 кг.;
84129;Черешня засах.красная 20/22 мм.с веточкой;килограмм;0;NULL;NULL;Цукаты;3456;;короб 5 кг.;
84131;Черешня засах.красная 20/22 мм.с веточкой;килограмм;0;NULL;NULL;Цукаты;720;;короб 0.9 кг.;
84134;Черешня засах.красная 18/20 мм ИТАЛКАНДИТИ;килограмм;0;NULL;NULL;Цукаты;1944;;короб 4 кг.;
84081;Черешня засах.красная 20/22 мм.НАППИ;килограмм;0;NULL;NULL;Цукаты;2088;;короб 5 кг.;
84017;Черешня засах.красная 20/22 мм.АМБРОЗИО;килограмм;0;NULL;NULL;Цукаты;2160;;короб 5 кг.;
84014;Черешня засах.черная 20/22 мм.АМБРОЗИО;килограмм;0;NULL;NULL;Цукаты;2376;;короб 5 кг.;
84019;Черешня засах.зеленая 20/22 мм.АМБРОЗИО;килограмм;0;NULL;NULL;Цукаты;2304;;короб 5 кг.;
84018;Черешня засах.желтая 20/22 мм.АМБРОЗИО;килограмм;0;NULL;NULL;Цукаты;2232;;короб 5 кг.;
84133;Апельсиновые засах. дольки ИТАЛКАНДИТИ;килограмм;0;NULL;NULL;Цукаты;4896;;короб 10 кг.;
84023;Апельсин.корочка засах.кубик.6х6 мм.АМБРОЗИО;килограмм;0;NULL;NULL;Цукаты;1008;;короб 5 кг.;
84088;Апельсиновая корочка засах.куб.6х6 мм.НАППИ;килограмм;0;NULL;NULL;Цукаты;2016;;короб 10 кг.;
84086;Апельсиновая корочка засах.куб.4х4 мм.НАППИ;килограмм;0;NULL;NULL;Цукаты;1044;;короб 5 кг.;
84075;Апельсин.корочка засах.кубик.4х4 мм.АМБРОЗИО;килограмм;0;NULL;NULL;Цукаты;1044;;короб 5 кг.;
84027;Лимонная.корочка засах.кубик.6х6 мм.АМБРОЗИО;килограмм;0;NULL;NULL;Цукаты;1224;;короб 5 кг.;
84085;Лимонная корочка засах.кубик 6х6 мм.НАППИ;килограмм;0;NULL;NULL;Цукаты;1260;;короб 5 кг.;
84084;Лимонная корочка засах.кубик 4х4 мм.НАППИ;килограмм;0;NULL;NULL;Цукаты;1260;;короб 5 кг.;
84074;Лимонная.корочка засах.кубик.4х4 мм.АМБРОЗИО;килограмм;0;NULL;NULL;Цукаты;1260;;короб 5 кг.;
84060;Апельсин.корочка засах.полоска.6х60 мм.;килограмм;0;NULL;NULL;Цукаты;2880;;короб 5 кг.;
84061;Лимонная корочка засах.полоска.6х60 мм.;килограмм;0;NULL;NULL;Цукаты;3528;;короб 5 кг.;
84125;Фрукты засах.ассорти кубик.6х6 мм;килограмм;0;NULL;NULL;Цукаты;1224;;короб 5 кг.;
84057;Фрукты засах.разноцвет.кубик.6х6 мм.АМБРОЗИО;килограмм;0;NULL;NULL;Цукаты;1224;;короб 5 кг.;
84073;Фрукты засах.разноцвет.кубик.4х4 мм.АМБРОЗИО;килограмм;0;NULL;NULL;Цукаты;1375,2;;короб 5 кг.;
84041;Мандарин засах.целый АМБРОЗИО;килограмм;0;NULL;NULL;Цукаты;1800;;короб 5 кг.;
84043;Груша засах.целая красная АМБРОЗИО;килограмм;0;NULL;NULL;Цукаты;2376;;короб 5 кг.;
84047;Груша засах.целая зеленая АМБРОЗИО;килограмм;0;NULL;NULL;Цукаты;2376;;короб 5 кг.;
84049;Фрукты засах.целые ассорти АМБРОЗИО;килограмм;0;NULL;NULL;Цукаты;2376;;короб 5 кг.;
84076;Черешня АМАРЕНА в сиропе с веточкой 20/22 мм.;килограмм;0;NULL;NULL;Цукаты;2304;;банка 3.3 кг.;
84077;Черешня АМАРЕНА в сиропе 18/20 мм.;килограмм;0;NULL;NULL;Цукаты;518,4;;банка 1 кг.;
84078;Черешня АМАРЕНА в сиропе 20/22 мм.;килограмм;0;NULL;NULL;Цукаты;2376;;банка 5 кг.;
84126;Черешня засах.АМАРЕНА ЭКСТРА14/16 мм;килограмм;0;NULL;NULL;Цукаты;828;;короб 1 кг.;
84062;Лимонная корочка засах.кубик.9х9 мм.ЭКСТРА;килограмм;0;NULL;NULL;Цукаты;1584;;короб 5 кг.;
84026;Апельсин.корочка засах.кубик.9х9 мм.ЭКСТРА;килограмм;0;NULL;NULL;Цукаты;4536;;короб 10 кг.;
84002;Черешня с вет.коктейльная красн.Мараскино;килограмм;0;NULL;NULL;Цукаты;2016;;банка 4.8 кг.;
84124;Черешня КОКТЕЙЛЬ с веточкой красн.20/22 мм.;килограмм;0;NULL;NULL;Цукаты;2052;;банка 4.8 кг.;
84120;Черешня КОКТЕЙЛЬ с веточкой красн.18/20 мм.;килограмм;0;NULL;NULL;Цукаты;900;;банка 1.95 кг.;
84001;Черешня с вет.коктейльная красн.Мараскино;килограмм;0;NULL;NULL;Цукаты;1224;;банка 3 кг.;
84148;Черешня КОКТЕЙЛЬ с веточкой красн.;килограмм;0;NULL;NULL;Цукаты;1224;;банка 3 кг.;
84147;Черешня КОКТЕЙЛЬ с веточкой красн.;килограмм;0;NULL;NULL;Цукаты;2016;;банка 4.8 кг.;
84149;Черешня КОКТЕЙЛЬ с веточкой желтая;килограмм;0;NULL;NULL;Цукаты;1080;;банка 3 кг.;
84150;Черешня КОКТЕЙЛЬ с веточкой зеленая;килограмм;0;NULL;NULL;Цукаты;1080;;банка 3 кг.;
84151;Черешня КОКТЕЙЛЬ с веточкой красн. НК;килограмм;0;NULL;NULL;Цукаты;1224;;банка 3 кг.;
84153;Черешня КОКТЕЙЛЬ с веточкой красн.;килограмм;0;NULL;NULL;Цукаты;432;;банка 0.95 кг.;
84154;Черешня КОКТЕЙЛЬ с веточкой красн.;килограмм;0;NULL;NULL;Цукаты;432;;банка 0.75 кг.;
84163;Черешня КОКТЕЙЛЬ с веточкой зелен.;килограмм;0;NULL;NULL;Цукаты;450;;банка 0.95 кг.;
84173;Черешня КОКТЕЙЛЬ с веточкой желтая;килограмм;0;NULL;NULL;Цукаты;432;;банка 0.95 кг.;
71152;Глазурь БРИЛЛО КЛУБНИКА;килограмм;0;NULL;NULL;Глазурь;1949,04;;ведро 6 кг.;
71119;Глазурь БРИЛЛО КАРАМЕЛЬ;килограмм;0;NULL;NULL;Глазурь;1656;;ведро 6 кг.;
71117;Глазурь БРИЛЛО ШОКОЛАД;килограмм;0;NULL;NULL;Глазурь;1728;;ведро 6 кг.;
71118;Глазурь БРИЛЛО БЕЛЫЙ ШОКОЛАД;килограмм;0;NULL;NULL;Глазурь;2016;;ведро 6 кг.;
70006;Глазурь желейная БРИЛГЕЛЬ;килограмм;0;NULL;NULL;Глазурь;1620;;ведро 6 кг.;
70001;Глазурь желейная БРИЛГЕЛЬ;килограмм;0;NULL;NULL;Глазурь;396;;ведро 1 кг.;
70022;Глазурь желейная ФРИО;килограмм;0;NULL;NULL;Глазурь;1512;;ведро 7 кг.;
70043;Глазурь желейная КОЛДГЕЛЬ NEW;килограмм;0;NULL;NULL;Глазурь;1188;;ведро 6 кг.;
70101;Глазурь желейная ДЕКОРГЕЛЬ нейтральная;килограмм;0;NULL;NULL;Глазурь;432;;ведро 1 кг.;
70325;Глазурь желейная абрикосовая;килограмм;0;NULL;NULL;Глазурь;4248;;ведро 25 кг.;
70401;Глазурь желейная НОВОГЕЛЬ нейтральная;килограмм;0;NULL;NULL;Глазурь;360;;ведро 1 кг.;
70406;Глазурь желейная НОВОГЕЛЬ нейтральная;килограмм;0;NULL;NULL;Глазурь;1332;;ведро 6 кг.;
70408;Глазурь желейная НОВОГЕЛЬ нейтральная;килограмм;0;NULL;NULL;Глазурь;2484;;ведро 12 кг.;
70026;Глазурь желейная РОЯЛГЕЛЬ;килограмм;0;NULL;NULL;Глазурь;3204;;ведро 14 кг.;
70937;Глазурь гляссажная КОВЕРГЛАС ШОКОЛАД;килограмм;0;NULL;NULL;Глазурь;720;;ведро 3 кг.;
70948;Глазурь гляссажная КОВЕРГЛАС БЕЛЫЙ ШОКОЛАД;килограмм;0;NULL;NULL;Глазурь;770,4;;ведро 3 кг.;
70946;Глазурь гляссажная КОВЕРГЛАС КЛУБНИКА;килограмм;0;NULL;NULL;Глазурь;770,4;;ведро 3 кг.;
70947;Глазурь гляссажная КОВЕРГЛАС ЛАЙМ;килограмм;0;NULL;NULL;Глазурь;792;;ведро 3 кг.;
70945;Глазурь гляссажная КОВЕРГЛАС КАРАМЕЛЬ;килограмм;0;NULL;NULL;Глазурь;770,4;;ведро 3 кг.;
70955;Глазурь гляссажная КОВЕРГЛАС КАРАМЕЛЬ МУ;килограмм;0;NULL;NULL;Глазурь;828;;ведро 3 кг.;
70926;Глазурь мягкая МИРУАР АПЕЛЬСИН;килограмм;0;NULL;NULL;Глазурь;1512;;ведро 3 кг.;
70927;Глазурь мягкая МИРУАР ВАНИЛЬ;килограмм;0;NULL;NULL;Глазурь;1584;;ведро 3 кг.;
70928;Глазурь мягкая МИРУАР КЛУБНИКА;килограмм;0;NULL;NULL;Глазурь;1584;;ведро 3 кг.;
70929;Глазурь мягкая МИРУАР ФИСТАШКА;килограмм;0;NULL;NULL;Глазурь;1512;;ведро 3 кг.;
70930;Глазурь желейная МИРУАР ШОКОЛАД;килограмм;0;NULL;NULL;Глазурь;1476;;ведро 3 кг.;
71100;Шоколад темный 36/38;килограмм;0;NULL;NULL;Шоколад;4802,4;;короб 10 кг.;
71101;Шоколад молочный 30/32;килограмм;0;NULL;NULL;Шоколад;4464;;короб 10 кг.;
71102;Шоколад белый 32/34;килограмм;0;NULL;NULL;Шоколад;4939,2;;короб 10 кг.;
71103;Шоколад темный 36/38;килограмм;0;NULL;NULL;Шоколад;1375,2;;пакет 2.5 кг.;
71104;Шоколад молочный 30/32;килограмм;0;NULL;NULL;Шоколад;1296;;пакет 2.5 кг.;
71110;Шоколад белый 32/34;килограмм;0;NULL;NULL;Шоколад;1512;;пакет 2.5 кг.;
71112;Шоколад темный ШОКО НЕРО 72%;килограмм;0;NULL;NULL;Шоколад;5328;;короб 10 кг.;
71113;Шоколад темный ШОКО НЕРО 52%;килограмм;0;NULL;NULL;Шоколад;4248;;короб 10 кг.;
71114;Шоколад молочный ШОКО ЛАТТЕ 30%;килограмм;0;NULL;NULL;Шоколад;4896;;короб 10 кг.;
71116;Шоколад белый ШОКО БЬЯНКО 34/36;килограмм;0;NULL;NULL;Шоколад;5256;;короб 10 кг.;
71142;Посыпка шоколадная КРОШКА ТЕМНАЯ;килограмм;0;NULL;NULL;Шоколад;432;;мешок 1 кг.;
71132;Посыпка шоколадная КРОШКА ТЕМНАЯ;килограмм;0;NULL;NULL;Шоколад;2016;;мешок 5 кг.;
71143;Посыпка шоколадная КРОШКА МОЛОЧНАЯ;килограмм;0;NULL;NULL;Шоколад;432;;мешок 1 кг.;
71144;Посыпка шоколадная КРОШКА БЕЛАЯ;килограмм;0;NULL;NULL;Шоколад;540;;мешок 1 кг.;
71136;Посыпка шоколадная ВЕРМИШЕЛЬ БЕЛАЯ;килограмм;0;NULL;NULL;Шоколад;2520;;мешок 5 кг.;
71145;Посыпка шоколадная ВЕРМИШЕЛЬ ТЕМНАЯ;килограмм;0;NULL;NULL;Шоколад;432;;мешок 1 кг.;
71146;Посыпка шоколадная ВЕРМИШЕЛЬ МОЛОЧНАЯ;килограмм;0;NULL;NULL;Шоколад;432;;мешок 1 кг.;
71147;Посыпка шоколадная ВЕРМИШЕЛЬ БЕЛАЯ;килограмм;0;NULL;NULL;Шоколад;504;;мешок 1 кг.;
71141;Какао-масло;килограмм;0;NULL;NULL;Какао;4176;;ведро 4 кг.;
71190;Какао-масло;килограмм;0;NULL;NULL;Какао;828;;ведро 0.75 кг.;
71172;Какао-масло;килограмм;0;NULL;NULL;Какао;4032;;ведро 4 кг.;
71140;Какао-паста;килограмм;0;NULL;NULL;Какао;2592;;короб 4 кг.;
71150;Какао-порошок 10/12;килограмм;0;NULL;NULL;Какао;430,56;;пакет 1 кг.;
71138;Какао-порошок 22/24;килограмм;0;NULL;NULL;Какао;576;;пакет 1 кг.;
71151;Какао-порошок 22/24 10х1 кг.;килограмм;0;NULL;NULL;Какао;5760;;короб 10 кг.;
71148;Какао-порошок 22/24;килограмм;0;NULL;NULL;Какао;547,2;;пакет 1 кг.;
71149;Какао-порошок 22/24;килограмм;0;NULL;NULL;Какао;9792;;мешок 20 кг.;
71106;Глазурь сахарная белая;килограмм;0;NULL;NULL;Глазурь;3636;;ведро 25 кг.;
71115;Глазурь сахарная;килограмм;0;NULL;NULL;Глазурь;2448;;короб 15 кг.;
71107;Глазурь сахарная ФОНДАНТ СОФТ;килограмм;0;NULL;NULL;Глазурь;2592;;ведро 14 кг.;
71210;Глазурь сахарн.ореховая РЕАЛ;килограмм;0;NULL;NULL;Глазурь;432;;мешок 1 кг.;
71031;"Глазурь кондит.""Шок.термостаб.капли 1200""";килограмм;0;NULL;NULL;Глазурь;432;;мешок 1 кг.;
71037;"Глазурь кондит.""Шок.термостаб.капли 1600""";килограмм;0;NULL;NULL;Глазурь;432;;мешок 1 кг.;
71125;Глазурь белая КИРОН;килограмм;0;NULL;NULL;Глазурь;3600;;короб 10 кг.;
71126;Глазурь какаосодержащая КИРОН;килограмм;0;NULL;NULL;Глазурь;3312;;короб 10 кг.;
71033;"Глазурь кондит.""Шок.термостаб.капли 1200""";килограмм;0;NULL;NULL;Глазурь;7200;;мешок 25 кг.;
71039;"Глазурь кондит.""Шок.термостаб.капли 1600""";килограмм;0;NULL;NULL;Глазурь;7344;;мешок 25 кг.;
71046;"Глазурь белая ""Шок.термостаб.капли 1600""";килограмм;0;NULL;NULL;Глазурь;3528;;короб 10 кг.;
71001;"Глазурь кондит.""Шок.диски ИТАЛИКА""";килограмм;0;NULL;NULL;Глазурь;446,4;;мешок 1 кг.;
71005;"Глазурь кондит.""Шок.диски ИТАЛИКА""";килограмм;0;NULL;NULL;Глазурь;6768;;мешок 25 кг.;
71016;"Глазурь какаосодерж.конд.""Шок.диски ТОПКОВЕР""";килограмм;0;NULL;NULL;Глазурь;3960;;короб 10 кг.;
71018;"Глазурь белая ""Шок.диски ТОПКОВЕР""";килограмм;0;NULL;NULL;Глазурь;3672;;мешок 10 кг.;
71042;"Глазурь белая ""Шок.диски ИТАЛИКА""";килограмм;0;NULL;NULL;Глазурь;504;;мешок 1 кг.;
71044;"Глазурь белая ""Шок.диски ИТАЛИКА""";килограмм;0;NULL;NULL;Глазурь;7920;;мешок 25 кг.;
71087;"Глазурь ""М"" Молочный шоколад";килограмм;0;NULL;NULL;Глазурь;4086,72;;ведро 2.5 кг.;
71079;"Глазурь ""М"" Шоколад";килограмм;0;NULL;NULL;Глазурь;6984;;банка 5.5 кг.;
71081;"Глазурь ""М"" Белый шоколад";килограмм;0;NULL;NULL;Глазурь;2736;;ведро 2.3 кг.;
71083;"Глазурь ""М"" Фисташка";килограмм;0;NULL;NULL;Глазурь;6480;;ведро 2.3 кг.;
71084;"Глазурь ""М"" Лесной орех";килограмм;0;NULL;NULL;Глазурь;3456;;ведро 2.3 кг.;
71088;"Глазурь ""М"" Клубника";килограмм;0;NULL;NULL;Глазурь;3600;;ведро 2.5 кг.;
71086;"Глазурь ""М"" Лимон";килограмм;0;NULL;NULL;Глазурь;3168;;ведро 2.3 кг.;
